{"cameraMode":{"drawMode":0,"name":"Shaded","section":"Shading Mode"},"sceneLighting":false,"audioPlay":false,"sceneViewState":{"m_AlwaysRefresh":false,"showFog":true,"showSkybox":false,"showFlares":true,"showImageEffects":true,"showParticleSystems":true,"showVisualEffectGraphs":true,"m_FxEnabled":true},"in2DMode":false,"pivot":{"x":11.583816528320313,"y":2.8364343643188478,"z":-5.230775833129883},"rotation":{"x":-0.008098477497696877,"y":-0.020997285842895509,"z":-0.00017126598686445504,"w":0.9997522234916687},"size":14.441774368286133,"orthographic":false}