{"cameraMode":{"drawMode":0,"name":"Shaded","section":"Shading Mode"},"sceneLighting":false,"audioPlay":false,"sceneViewState":{"m_AlwaysRefresh":false,"showFog":true,"showSkybox":false,"showFlares":true,"showImageEffects":true,"showParticleSystems":true,"showVisualEffectGraphs":true,"m_FxEnabled":true},"in2DMode":false,"pivot":{"x":11.484134674072266,"y":2.234931707382202,"z":13.45015811920166},"rotation":{"x":0.0032744586933404209,"y":0.6860119104385376,"z":-0.003087069606408477,"w":0.7275800108909607},"size":3.403449773788452,"orthographic":false}